plant_cohorts_n,plant_cohorts_pft,plant_cohorts_x,plant_cohorts_y,plant_cohorts_dbh
5,broadleaf,0,0,0.1
10,shrub,0,0,0.05
5,broadleaf,90,0,0.1
10,shrub,90,0,0.05
5,broadleaf,180,0,0.1
10,shrub,180,0,0.05
5,broadleaf,270,0,0.1
10,shrub,270,0,0.05
5,broadleaf,360,0,0.1
10,shrub,360,0,0.05
5,broadleaf,450,0,0.1
10,shrub,450,0,0.05
5,broadleaf,540,0,0.1
10,shrub,540,0,0.05
5,broadleaf,630,0,0.1
10,shrub,630,0,0.05
5,broadleaf,720,0,0.1
10,shrub,720,0,0.05
5,broadleaf,0,90,0.1
10,shrub,0,90,0.05
5,broadleaf,90,90,0.1
10,shrub,90,90,0.05
5,broadleaf,180,90,0.1
10,shrub,180,90,0.05
5,broadleaf,270,90,0.1
10,shrub,270,90,0.05
5,broadleaf,360,90,0.1
10,shrub,360,90,0.05
5,broadleaf,450,90,0.1
10,shrub,450,90,0.05
5,broadleaf,540,90,0.1
10,shrub,540,90,0.05
5,broadleaf,630,90,0.1
10,shrub,630,90,0.05
5,broadleaf,720,90,0.1
10,shrub,720,90,0.05
5,broadleaf,0,180,0.1
10,shrub,0,180,0.05
5,broadleaf,90,180,0.1
10,shrub,90,180,0.05
5,broadleaf,180,180,0.1
10,shrub,180,180,0.05
5,broadleaf,270,180,0.1
10,shrub,270,180,0.05
5,broadleaf,360,180,0.1
10,shrub,360,180,0.05
5,broadleaf,450,180,0.1
10,shrub,450,180,0.05
5,broadleaf,540,180,0.1
10,shrub,540,180,0.05
5,broadleaf,630,180,0.1
10,shrub,630,180,0.05
5,broadleaf,720,180,0.1
10,shrub,720,180,0.05
5,broadleaf,0,270,0.1
10,shrub,0,270,0.05
5,broadleaf,90,270,0.1
10,shrub,90,270,0.05
5,broadleaf,180,270,0.1
10,shrub,180,270,0.05
5,broadleaf,270,270,0.1
10,shrub,270,270,0.05
5,broadleaf,360,270,0.1
10,shrub,360,270,0.05
5,broadleaf,450,270,0.1
10,shrub,450,270,0.05
5,broadleaf,540,270,0.1
10,shrub,540,270,0.05
5,broadleaf,630,270,0.1
10,shrub,630,270,0.05
5,broadleaf,720,270,0.1
10,shrub,720,270,0.05
5,broadleaf,0,360,0.1
10,shrub,0,360,0.05
5,broadleaf,90,360,0.1
10,shrub,90,360,0.05
5,broadleaf,180,360,0.1
10,shrub,180,360,0.05
5,broadleaf,270,360,0.1
10,shrub,270,360,0.05
5,broadleaf,360,360,0.1
10,shrub,360,360,0.05
5,broadleaf,450,360,0.1
10,shrub,450,360,0.05
5,broadleaf,540,360,0.1
10,shrub,540,360,0.05
5,broadleaf,630,360,0.1
10,shrub,630,360,0.05
5,broadleaf,720,360,0.1
10,shrub,720,360,0.05
5,broadleaf,0,450,0.1
10,shrub,0,450,0.05
5,broadleaf,90,450,0.1
10,shrub,90,450,0.05
5,broadleaf,180,450,0.1
10,shrub,180,450,0.05
5,broadleaf,270,450,0.1
10,shrub,270,450,0.05
5,broadleaf,360,450,0.1
10,shrub,360,450,0.05
5,broadleaf,450,450,0.1
10,shrub,450,450,0.05
5,broadleaf,540,450,0.1
10,shrub,540,450,0.05
5,broadleaf,630,450,0.1
10,shrub,630,450,0.05
5,broadleaf,720,450,0.1
10,shrub,720,450,0.05
5,broadleaf,0,540,0.1
10,shrub,0,540,0.05
5,broadleaf,90,540,0.1
10,shrub,90,540,0.05
5,broadleaf,180,540,0.1
10,shrub,180,540,0.05
5,broadleaf,270,540,0.1
10,shrub,270,540,0.05
5,broadleaf,360,540,0.1
10,shrub,360,540,0.05
5,broadleaf,450,540,0.1
10,shrub,450,540,0.05
5,broadleaf,540,540,0.1
10,shrub,540,540,0.05
5,broadleaf,630,540,0.1
10,shrub,630,540,0.05
5,broadleaf,720,540,0.1
10,shrub,720,540,0.05
5,broadleaf,0,630,0.1
10,shrub,0,630,0.05
5,broadleaf,90,630,0.1
10,shrub,90,630,0.05
5,broadleaf,180,630,0.1
10,shrub,180,630,0.05
5,broadleaf,270,630,0.1
10,shrub,270,630,0.05
5,broadleaf,360,630,0.1
10,shrub,360,630,0.05
5,broadleaf,450,630,0.1
10,shrub,450,630,0.05
5,broadleaf,540,630,0.1
10,shrub,540,630,0.05
5,broadleaf,630,630,0.1
10,shrub,630,630,0.05
5,broadleaf,720,630,0.1
10,shrub,720,630,0.05
5,broadleaf,0,720,0.1
10,shrub,0,720,0.05
5,broadleaf,90,720,0.1
10,shrub,90,720,0.05
5,broadleaf,180,720,0.1
10,shrub,180,720,0.05
5,broadleaf,270,720,0.1
10,shrub,270,720,0.05
5,broadleaf,360,720,0.1
10,shrub,360,720,0.05
5,broadleaf,450,720,0.1
10,shrub,450,720,0.05
5,broadleaf,540,720,0.1
10,shrub,540,720,0.05
5,broadleaf,630,720,0.1
10,shrub,630,720,0.05
5,broadleaf,720,720,0.1
10,shrub,720,720,0.05
